<?xml version="1.0" encoding="utf-8" ?>
<dwsync>
<file name="authorization_class.php" server="C:/xampp/htdocs/ONE/" local="132211198037857314" remote="132211198030000000" Dst="0" />
<file name="crypto_class.php" server="C:/xampp/htdocs/ONE/" local="132211129978205281" remote="132211129970000000" Dst="0" />
<file name="database_connection.php" server="C:/xampp/htdocs/ONE/" local="132211138718621580" remote="132211138710000000" Dst="0" />
<file name="datalib.php" server="C:/xampp/htdocs/ONE/" local="132211166190525003" remote="132211166190000000" Dst="0" />
<file name="event_class.php" server="C:/xampp/htdocs/ONE/" local="132060481170241101" remote="132060481170000000" Dst="0" />
<file name="contact_class.php" server="C:/xampp/htdocs/ONE/" local="132059863197951533" remote="132059863190000000" Dst="0" />
<file name="profile_class.php" server="C:/xampp/htdocs/ONE/" local="132060599792419193" remote="132060599790000000" Dst="0" />
<file name="payment_class.php" server="C:/xampp/htdocs/ONE/" local="132209908948244712" remote="132209908940000000" Dst="0" />
<file name="report_class.php" server="C:/xampp/htdocs/ONE/" local="132210410298458290" remote="132210410290000000" Dst="0" />
</dwsync>