<?xml version="1.0" encoding="utf-8" ?>
<dwsync>
<file name="nopic.png" server="C:/xampp/htdocs/ONE/" local="132057703154974462" remote="132057703150000000" Dst="0" />
<file name="eureka.ico" server="C:/xampp/htdocs/ONE/" local="132060494337030984" remote="132060494330000000" Dst="0" />
<file name="img_a.jpg" server="C:/xampp/htdocs/ONE/" local="132057698096456547" remote="132057698090000000" Dst="0" />
<file name="img_la.jpg" server="C:/xampp/htdocs/ONE/" local="132057698635368009" remote="132057698630000000" Dst="0" />
<file name="dp.jpg" server="C:/xampp/htdocs/ONE/" local="131584849050000000" remote="131584849050000000" Dst="0" />
<file name="wau.jpg" server="C:/xampp/htdocs/ONE/" local="132052401260000000" remote="132052401260000000" Dst="0" />
<file name="tengkolok.jpg" server="C:/xampp/htdocs/ONE/" local="132052402140000000" remote="132052402140000000" Dst="0" />
<file name="silatt.jpg" server="C:/xampp/htdocs/ONE/" local="132056072460000000" remote="132056072460000000" Dst="0" />
<file name="Backgrounds.jpg" server="C:/xampp/htdocs/ONE/" local="132054312540000000" remote="132054312540000000" Dst="0" />
<file name="logoWA.jpg" server="C:/xampp/htdocs/ONE/" local="131988798525007683" remote="131988798520000000" Dst="0" />
<file name="walogo.png" server="C:/xampp/htdocs/ONE/" local="132179661350000000" remote="132179661350000000" Dst="0" />
<file name="pic1.jpg" server="C:/xampp/htdocs/ONE/" local="132209644160860317" remote="132209644160000000" Dst="0" />
</dwsync>